<?xml version='1.0' encoding='UTF-8'?>
<image h="65" w="65"><stack><layer composite-op="svg:src-over" name="Gb" opacity="1.0" src="data/000.png" visibility="visible" x="0" y="0" /><layer composite-op="svg:src-over" name="Fb" opacity="1.0" src="data/001.png" visibility="visible" x="0" y="0" /><layer composite-op="svg:src-over" name="Eb" opacity="1.0" src="data/002.png" visibility="visible" x="0" y="0" /><layer composite-op="svg:src-over" name="Db" opacity="1.0" src="data/003.png" visibility="visible" x="0" y="0" /><layer composite-op="svg:src-over" name="Cb" opacity="1.0" src="data/004.png" visibility="visible" x="0" y="0" /><layer composite-op="svg:src-over" name="Bb" opacity="1.0" src="data/005.png" visibility="visible" x="0" y="0" /><layer composite-op="svg:src-over" name="Ab" opacity="1.0" src="data/006.png" visibility="visible" x="0" y="0" /><layer composite-op="svg:src-over" name="G#" opacity="1.0" src="data/007.png" visibility="visible" x="0" y="0" /><layer composite-op="svg:src-over" name="F#" opacity="1.0" src="data/008.png" visibility="visible" x="0" y="0" /><layer composite-op="svg:src-over" name="E#" opacity="1.0" src="data/009.png" visibility="visible" x="0" y="0" /><layer composite-op="svg:src-over" name="D#" opacity="1.0" src="data/010.png" visibility="visible" x="0" y="0" /><layer composite-op="svg:src-over" name="C#" opacity="1.0" src="data/011.png" visibility="visible" x="0" y="0" /><layer composite-op="svg:src-over" name="B#" opacity="1.0" src="data/012.png" visibility="visible" x="0" y="0" /><layer composite-op="svg:src-over" name="A#" opacity="1.0" src="data/013.png" visibility="visible" x="0" y="0" /><layer composite-op="svg:src-over" name="G" opacity="1.0" src="data/014.png" visibility="visible" x="0" y="0" /><layer composite-op="svg:src-over" name="F" opacity="1.0" src="data/015.png" visibility="visible" x="0" y="0" /><layer composite-op="svg:src-over" name="E" opacity="1.0" src="data/016.png" visibility="visible" x="0" y="0" /><layer composite-op="svg:src-over" name="D" opacity="1.0" src="data/017.png" visibility="visible" x="0" y="0" /><layer composite-op="svg:src-over" name="C" opacity="1.0" src="data/018.png" visibility="visible" x="0" y="0" /><layer composite-op="svg:src-over" name="B" opacity="1.0" src="data/019.png" visibility="visible" x="0" y="0" /><layer composite-op="svg:src-over" name="A" opacity="1.0" src="data/020.png" visibility="visible" x="0" y="0" /></stack></image>